{"cameraMode":{"drawMode":0,"name":"Shaded","section":"Shading Mode"},"sceneLighting":true,"audioPlay":false,"sceneViewState":{"showFog":true,"showMaterialUpdate":false,"showSkybox":true,"showFlares":true,"showImageEffects":true,"showParticleSystems":true},"in2DMode":false,"pivot":{"x":0.3023872375488281,"y":1.1985719203948975,"z":1.0804479122161866},"rotation":{"x":-0.14380964636802674,"y":0.003560493467375636,"z":-0.0005173530080355704,"w":-0.9895988702774048},"size":13.187884330749512,"orthographic":false}